/* use asset.booking database */

insert into management.categories(id, name, parent_category_id)
values  (1, 'STR-1', null),
        (2, 'STR-2', null),
        (3, 'STR-3', null),
        (4, 'H1', 1),
        (5, 'H2', 1),
        (6, 'H1', 2),
        (7, 'H2', 2),
        (8, 'H1', 3),
        (9, 'F1', 4),
        (10, 'F2', 4),
        (11, 'F1', 5),
        (12, 'F1', 6),
        (13, 'F1', 7),
        (14, 'F2', 7),
        (15, 'F1', 8),
        (16, 'R1', 9),
        (17, 'R2', 9),
        (18, 'R3', 9),
        (19, 'R4', 9),
        (20, 'R1', 10),
        (21, 'R2', 10),
        (22, 'R3', 10),
        (23, 'R1', 11),
        (24, 'R2', 11),
        (25, 'R1', 12),
        (26, 'R2', 12),
        (27, 'R1', 13),
        (28, 'R2', 13),
        (29, 'R3', 13),
        (30, 'R1', 14),
        (31, 'R2', 14),
        (32, 'R1', 15),
        (33, 'R2', 15);

insert into management.assets (id, category_id, specification, note, specification_icons, note_icons)
values (1, 16, 'B1', null, 'bed', 'smoke_free;local_parking'),
       (2, 16, 'B2', null, 'king_bed', 'smoke_free;local_parking'),
       (3, 17, 'B1', null, 'bed', 'local_parking'),
       (4, 17, 'B2', null, 'bed', 'local_parking'),
       (5, 18, 'B1', null, 'bed', null),
       (6, 18, 'B2', null, 'bed', null),
       (7, 19, 'B2', null, 'king_bed', null),
       (8, 20, 'B1', 'Balcony', 'king_bed', 'smoke_free'),
       (9, 21, 'B1', null, 'bed', 'smoke_free'),
       (10, 22, 'B1', 'Balcony', 'king_bed', null),
       (11, 23, 'B1', null, 'bed', null),
       (12, 23, 'B2', null, 'bed', null),
       (13, 24, 'B1', null, 'king_bed', null),
       (14, 25, 'B1', null, 'bed', null),
       (15, 26, 'B1', null, 'bed', null),
       (16, 27, 'B1', null, 'king_bed', null),
       (17, 28, 'B1', null, 'bed', null),
       (18, 29, 'B1', null, 'bed', null),
       (19, 30, 'B1', null, 'king_bed', null),
       (20, 31, 'B1', null, 'bed', null),
       (21, 32, 'B1', null, 'bed', null),
       (22, 33, 'B1', null, 'bed', null);

insert into booking.asset_schedules (asset_id)
values (1), (2), (3), (4), (5), (6), (7), (8), (9), (10), (11), (12),
       (13), (14), (15), (16), (17), (18), (19), (20), (21), (22);